id;bio;user_name;display_name;email;profile_pic_url;party_id
1;programming SCSI drive;invoice Unbranded Cheese;New Zealand Dollar Alabama transform;Malachi28@hotmail.com;knowledge user;48561
2;Ports Manager Fish;Networked;Fish;Lysanne_Roberts65@yahoo.com;Nevada;9367
3;turn-key dedicated;Wisconsin;target Human withdrawal;Federico_Kuvalis@hotmail.com;Cambridgeshire white sensor;28077
4;Shoes deposit;Representative;Response Human;Neha_Armstrong33@yahoo.com;Venezuela Wisconsin;98033
5;Incredible functionalities fuchsia;infrastructure;mesh;Tremayne_Sporer57@yahoo.com;Intelligent;61500
6;Director Concrete Bedfordshire;portal calculating Metal;real-time discrete redundant;Deshaun_Streich@hotmail.com;Avon;50151
7;digital deposit;extend Unbranded Fresh Pants Tools;Practical North Dakota;Erling54@gmail.com;stable Utah Computers;3734
8;compressing;Brunei Darussalam interface;compress lavender Investment Account;Ronaldo53@gmail.com;Peru deposit;72609
9;Strategist;card Licensed Cotton Ball;mindshare Gorgeous;Christina83@gmail.com;Saudi Riyal paradigms;17329
10;Table Enterprise-wide Benin;Tuna Response invoice;alarm Jamaica;Morgan24@yahoo.com;strategic hack;1439
